row_id,event_id,payment_id,order_id,currency,amount_cents,status
P0000-02,PE-0000-02-a,PAY-0000-02-a,ORD-0000-02,USD,1849,succeeded
P0000-11,PE-0000-09-a,PAY-0000-09-a,ORD-0000-09,USD,3126,succeeded
P0000-10,PE-0000-08-a,PAY-0000-08-a,ORD-0000-08,USD,8025,pending
P0000-01,PE-0000-01-a,PAY-0000-01-a,ORD-0000-01,USD,10699,succeeded
P0000-03,PE-0000-03-a,PAY-0000-03-a,ORD-0000-03,USD,13899,failed
P0000-05,PE-0000-04-a,PAY-0000-04-a,ORD-0000-04,USD,11149,succeeded
P0000-09,PE-0000-07-a,PAY-0000-07-a,ORD-0000-07,USD,13725,succeeded
P0000-08,PE-0000-06-a,PAY-0000-06-a,ORD-0000-06,USD,15725,succeeded
P0000-04,PE-0000-04-a,PAY-0000-04-a,ORD-0000-04,USD,11149,succeeded
P0000-12,PE-0000-orphan-a,PAY-0000-orphan-a,ORD-0000-UNKNOWN,USD,3900,succeeded
P0000-07,PE-0000-05-b,PAY-0000-05-b,ORD-0000-05,USD,13049,succeeded
P0000-06,PE-0000-05-a,PAY-0000-05-a,ORD-0000-05,USD,13049,succeeded
